ProductA,ProductB,ProductC
6.487905425370524,75.05656385523744,5.255057851437396
17.140156891418897,8.51762343854147,0.7293906880417396
3.0873482814754283,8.719772867378666,5.632424585903223
9.972943314355163,15.440694951044293,15.600145610784168
13.745261208143262,15.209378978951626,18.145294096777178
2.7311171115551147,5.260202715279959,2.529085603724873
0.932613745049423,1.9839386760503217,1.0513249310009058
0.1096890751743419,0.15821551358331798,0.04852643840897608
0.030325253718324563,0.04483526509975733,0.014510011381432708
